filing_id,date
MzUwNTEwMDUzMGFkaXF6a2N4,2026-02-17
MzQ5ODg5NjkzNGFkaXF6a2N4,2026-01-20
MzQ5ODg5NjAxMGFkaXF6a2N4,2026-01-13
MzQ5ODIyOTAzMmFkaXF6a2N4,2026-01-08
MzQ5NzgyODQ3MWFkaXF6a2N4,2026-01-06
MzQ2NDIwNzE5NGFkaXF6a2N4,2025-04-28
MzQ1MzQ1MzkzNGFkaXF6a2N4,2025-02-03
MzQ1MzQ1MzgzNGFkaXF6a2N4,2025-02-03
MzQ1MzQ1MzgxOGFkaXF6a2N4,2025-02-03
MzQ1MTQ3MjcyNWFkaXF6a2N4,2025-01-16
MzQwODg5NDYzNGFkaXF6a2N4,2024-01-25
MzQwNjQyMjgyMGFkaXF6a2N4,2024-01-03
MzM5MTg5MTgxNWFkaXF6a2N4,2023-09-05
MzM2NjQ0ODQ0MmFkaXF6a2N4,2023-01-19
MzM0ODM1NjA3N2FkaXF6a2N4,2022-08-10
MzMyNzA1OTAwOGFkaXF6a2N4,2022-01-19
MzMxNDQwMDY5NmFkaXF6a2N4,2021-09-21
MzI4ODkzMjgyNmFkaXF6a2N4,2021-01-19
MzI3OTA0MjMzM2FkaXF6a2N4,2020-09-29
MzI3NzQyOTg0NmFkaXF6a2N4,2020-09-11
MzI3NzQyOTc3MGFkaXF6a2N4,2020-09-11
MzI1NDY0OTA3M2FkaXF6a2N4,2020-01-15
MzI0Mzk4NzM0NGFkaXF6a2N4,2019-09-11
MzIyNDQ4MTQxMGFkaXF6a2N4,2019-01-15
MzIxMzY2MTQ2NmFkaXF6a2N4,2018-09-04
MzE5NTM0MzY2N2FkaXF6a2N4,2018-01-16
MzE4NjAxNjU5MWFkaXF6a2N4,2017-09-22
MzE4MTc4MDMzNWFkaXF6a2N4,2017-07-31
MzE3NTg2NjExNWFkaXF6a2N4,2017-05-16
MzE3MTY4MjgwNmFkaXF6a2N4,2017-03-22
MzE2OTY4NDQxMWFkaXF6a2N4,2017-02-24
MzE2NzA2NDY5NmFkaXF6a2N4,2017-01-23
MzE2NzA2NDY4NGFkaXF6a2N4,2017-01-20
MzE1NzY3Nzc1MWFkaXF6a2N4,2016-09-19
MzE0MDI4NDY1MWFkaXF6a2N4,2016-01-25
MzEzMjA5ODAxN2FkaXF6a2N4,2015-09-30
MzEyOTA1NDUyMWFkaXF6a2N4,2015-08-15
MzEyOTA1NDQ2N2FkaXF6a2N4,2015-08-15
MzEyNzc3NDkyMGFkaXF6a2N4,2015-07-25
MzExODA3NjgxOGFkaXF6a2N4,2015-02-25
MzEwODM2NDk0MmFkaXF6a2N4,2014-09-27
MzEwNDM2OTY4NGFkaXF6a2N4,2014-07-24
MzA5Mzk1MTc3MWFkaXF6a2N4,2014-02-05
MzA3MDA2MDM3NWFkaXF6a2N4,2012-12-27
