company_number,filing_id
08341968,MzUwNTEwMDUzMGFkaXF6a2N4
08341968,MzQ5ODg5NjkzNGFkaXF6a2N4
08341968,MzQ5ODg5NjAxMGFkaXF6a2N4
08341968,MzQ5ODIyOTAzMmFkaXF6a2N4
08341968,MzQ5NzgyODQ3MWFkaXF6a2N4
08341968,MzQ2NDIwNzE5NGFkaXF6a2N4
08341968,MzQ1MzQ1MzkzNGFkaXF6a2N4
08341968,MzQ1MzQ1MzgzNGFkaXF6a2N4
08341968,MzQ1MzQ1MzgxOGFkaXF6a2N4
08341968,MzQ1MTQ3MjcyNWFkaXF6a2N4
08341968,MzQwODg5NDYzNGFkaXF6a2N4
08341968,MzQwNjQyMjgyMGFkaXF6a2N4
08341968,MzM5MTg5MTgxNWFkaXF6a2N4
08341968,MzM2NjQ0ODQ0MmFkaXF6a2N4
08341968,MzM0ODM1NjA3N2FkaXF6a2N4
08341968,MzMyNzA1OTAwOGFkaXF6a2N4
08341968,MzMxNDQwMDY5NmFkaXF6a2N4
08341968,MzI4ODkzMjgyNmFkaXF6a2N4
08341968,MzI3OTA0MjMzM2FkaXF6a2N4
08341968,MzI3NzQyOTg0NmFkaXF6a2N4
08341968,MzI3NzQyOTc3MGFkaXF6a2N4
08341968,MzI1NDY0OTA3M2FkaXF6a2N4
08341968,MzI0Mzk4NzM0NGFkaXF6a2N4
08341968,MzIyNDQ4MTQxMGFkaXF6a2N4
08341968,MzIxMzY2MTQ2NmFkaXF6a2N4
08341968,MzE5NTM0MzY2N2FkaXF6a2N4
08341968,MzE4NjAxNjU5MWFkaXF6a2N4
08341968,MzE4MTc4MDMzNWFkaXF6a2N4
08341968,MzE3NTg2NjExNWFkaXF6a2N4
08341968,MzE3MTY4MjgwNmFkaXF6a2N4
08341968,MzE2OTY4NDQxMWFkaXF6a2N4
08341968,MzE2NzA2NDY5NmFkaXF6a2N4
08341968,MzE2NzA2NDY4NGFkaXF6a2N4
08341968,MzE1NzY3Nzc1MWFkaXF6a2N4
08341968,MzE0MDI4NDY1MWFkaXF6a2N4
08341968,MzEzMjA5ODAxN2FkaXF6a2N4
08341968,MzEyOTA1NDUyMWFkaXF6a2N4
08341968,MzEyOTA1NDQ2N2FkaXF6a2N4
08341968,MzEyNzc3NDkyMGFkaXF6a2N4
08341968,MzExODA3NjgxOGFkaXF6a2N4
08341968,MzEwODM2NDk0MmFkaXF6a2N4
08341968,MzEwNDM2OTY4NGFkaXF6a2N4
08341968,MzA5Mzk1MTc3MWFkaXF6a2N4
08341968,MzA3MDA2MDM3NWFkaXF6a2N4
